-- phpMyAdmin SQL Dump
-- version 4.9.0.1
-- https://www.phpmyadmin.net/
--
-- Hôte : localhost
-- Généré le :  mar. 14 mars 2023 à 09:24
-- Version du serveur :  10.3.38-MariaDB-0+deb10u1
-- Version de PHP :  7.3.31-1~deb10u3

SET SQL_MODE = "NO_AUTO_VALUE_ON_ZERO";
SET AUTOCOMMIT = 0;
START TRANSACTION;
SET time_zone = "+00:00";


/*!40101 SET @OLD_CHARACTER_SET_CLIENT=@@CHARACTER_SET_CLIENT */;
/*!40101 SET @OLD_CHARACTER_SET_RESULTS=@@CHARACTER_SET_RESULTS */;
/*!40101 SET @OLD_COLLATION_CONNECTION=@@COLLATION_CONNECTION */;
/*!40101 SET NAMES utf8mb4 */;

--
-- Base de données :  `qcostes`
--

-- --------------------------------------------------------

--
-- Structure de la table `away`
--

CREATE TABLE `away` (
  `x` float NOT NULL,
  `y` float NOT NULL
) ENGINE=InnoDB DEFAULT CHARSET=utf8mb4 COLLATE=utf8mb4_general_ci;

--
-- Déchargement des données de la table `away`
--

INSERT INTO `away` (`x`, `y`) VALUES
(32.3311, 61.4111),
(53.4215, 26.1869),
(63.9202, 30.8322),
(70.2895, 82.5336),
(34.1188, 45.7346),
(67.6707, 37.1109),
(53.2591, 97.4758),
(63.515, 25.1001),
(67.9805, 80.9572),
(67.3725, 29.7204),
(15.5607, 80.0656),
(71.7908, 71.0655),
(70.2425, 24.1096),
(64.9374, 81.5542),
(62.2135, 21.4758),
(67.2694, 18.709),
(40.5702, 79.373),
(74.7412, 21.1016),
(71.7683, 20.0111),
(76.1669, 75.9362),
(65.6237, 15.5828),
(50.8506, 13.9876),
(33.0241, 24.4678),
(39.7063, 84.2753),
(45.5965, 9.76335),
(42.968, 17.9455),
(52.4944, 16.0511),
(46.0823, 23.1105),
(74.2477, 20.3142),
(64.5683, 83.6396),
(74.0217, 76.1283),
(62.3912, 5.62307),
(74.189, 68.1336),
(28.2368, 56.1396),
(75.7719, 69.8292),
(75.8552, 62.517),
(65.9709, 72.7449),
(21.778, 6.61663),
(67.7598, 72.4212),
(78.6172, 52.5753),
(68.5077, 15.4569),
(74.885, 25.4166),
(66.4549, 19.8366),
(77.3178, 48.3983),
(58.9125, 75.6678),
(57.6174, 8.1948),
(76.0882, 59.6799),
(57.466, 1.50442),
(79.4284, 45.2108),
(76.3565, 10.4182),
(64.4051, 78.5842),
(40.635, 73.3948),
(43.9499, 75.9587),
(30.9962, 71.6944),
(68.2308, 80.8725),
(72.0464, 12.918),
(46.5928, 84.9724),
(49.2572, 81.8814),
(42.7818, 12.9912),
(65.476, 14.2746),
(71.9651, 17.7102),
(32.1465, 43.4817),
(31.8385, 71.8122),
(31.0053, 40.6825),
(80.4709, 49.5021),
(71.9642, 41.8743),
(78.0794, 93.1333),
(41.6776, 30.2013),
(65.9536, 31.1474),
(62.9345, 31.9164),
(64.3738, 28.8626),
(72.5093, 39.5401),
(30.0523, 96.6175),
(28.0033, 46.6722),
(75.4012, 88.6391),
(38.98, 87.3222),
(65.2199, 84.683),
(73.054, 29.3808),
(34.3984, 59.5444),
(43.4905, 40.7825),
(55.1387, 30.7258),
(43.6844, 32.823),
(35.9036, 91.1119),
(45.378, 29.1692),
(39.7775, 43.7558),
(38.6645, 33.3172),
(39.044, 84.676),
(91.64, 79.4066),
(47.4881, 85.3899),
(44.5902, 22.034),
(39.0896, 70.4662),
(42.2294, 19.9141),
(37.0004, 60.2643),
(39.0521, 70.6525),
(37.4884, 60.8144),
(69.3596, 65.5214),
(43.5428, 62.4603),
(39.8112, 65.3348),
(70.0689, 7.59347),
(70.0405, 77.1438),
(39.5058, 74.8516),
(62.5169, 66.4847),
(72.1399, 0.0151193),
(45.2516, 70.0034),
(42.0633, 2.3352),
(36.3557, 6.00585),
(30.3918, 42.7596),
(36.449, 50.5463),
(40.4676, 60.0275),
(81.7246, 6.03754),
(48.8232, 76.6353),
(35.6206, 57.286),
(50.584, 71.8066),
(61.8565, 71.7927),
(39.3238, 59.3008),
(42.1857, 66.0349),
(30.8469, 37.3416),
(29.3462, 42.1487),
(82.1106, 1.21055),
(38.302, 60.0178),
(56.5842, 70.5125),
(33.3394, 0.509107),
(78.7742, 35.4841),
(27.9226, 25.9869),
(71.6979, 10.8681),
(74.1383, 49.1739),
(32.579, 1.80812),
(59.8322, 69.1525),
(35.0306, 12.5366),
(74.3001, 42.4771),
(63.2502, 65.9525),
(34.1731, 25.6937),
(40.9138, 38.559),
(62.8333, 62.5109),
(42.4768, 56.7313),
(52.0335, 64.5667),
(48.907, 74.2878),
(59.8518, 72.9584),
(48.9605, 72.6295),
(46.8449, 36.7917),
(39.963, 42.9449),
(66.7049, 32.0151);

-- --------------------------------------------------------

--
-- Structure de la table `bullseye`
--

CREATE TABLE `bullseye` (
  `x` float NOT NULL,
  `y` float NOT NULL
) ENGINE=InnoDB DEFAULT CHARSET=utf8mb4 COLLATE=utf8mb4_general_ci;

--
-- Déchargement des données de la table `bullseye`
--

INSERT INTO `bullseye` (`x`, `y`) VALUES
(51.2039, 83.3398),
(58.9745, 85.4998),
(51.8721, 85.8297),
(48.1799, 85.0451),
(41.6832, 84.0179),
(37.8904, 82.5675),
(39.549, 80.8126),
(39.6496, 82.6645),
(34.7506, 80.0111),
(27.5608, 72.8478),
(24.6355, 71.6107),
(20.9595, 66.0415),
(20.6891, 62.7213),
(19.2882, 62.0631),
(20.0245, 61.3426),
(35.4695, 43.1159),
(36.8943, 47.7066),
(39.0555, 55.547),
(46.9571, 65.2404),
(37.3105, 45.2588),
(40.0097, 60.9866),
(48.0144, 65.7128),
(53.7038, 66.3895),
(63.0675, 64.035),
(62.048, 63.8459),
(59.84, 64.4768),
(55.1609, 65.2373),
(61.2798, 65.7664),
(60.8349, 64.6038),
(61.5206, 64.7919),
(36.9165, 41.0952),
(38.5022, 41.5672),
(48.6644, 30.6807),
(50.2853, 30.3379),
(42.2763, 34.5276),
(54.0318, 29.6723),
(37.3294, 39.602),
(41.3895, 37.2961),
(40.0747, 34.6237),
(35.3497, 47.1411),
(34.7637, 47.6248),
(37.0266, 44.4623),
(36.4556, 40.7918),
(35.5377, 48.7294),
(20.4089, 32.203),
(23.4957, 25.3225),
(29.5575, 21.3648),
(33.0082, 15.9851),
(53.9804, 29.351),
(52.2343, 29.7117),
(59.5031, 30.6697),
(41.1638, 34.3158),
(48.993, 32.0304),
(59.2693, 29.6407),
(45.4692, 33.8312),
(62.6913, 30.2904),
(73.4287, 48.5779),
(70.8464, 52.2823),
(71.539, 45.5218),
(67.6209, 38.0066),
(72.471, 51.1221),
(64.8122, 62.8109),
(60.8537, 65.4991),
(67.7895, 61.3637),
(41.6096, 83.8487),
(53.003, 84.6748),
(54.7142, 84.0431),
(44.2917, 82.9094),
(49.1917, 85.8762),
(53.1014, 84.5477),
(51.5998, 84.8198),
(54.3797, 84.2404),
(46.4808, 83.5182),
(53.1747, 84.2606),
(45.272, 85.2371),
(36.0334, 53.3717),
(28.2712, 72.8402),
(25.0548, 71.5486),
(64.7589, 82.3152),
(63.1445, 85.2367),
(50.4247, 85.1748),
(70.645, 82.4309),
(63.149, 83.9469),
(62.824, 84.9662),
(70.2369, 82.1712),
(70.0427, 80.385),
(72.5706, 80.9712),
(75.1307, 79.9841),
(83.2939, 70.7784),
(79.6643, 73.9323),
(88.4321, 64.6242),
(89.1156, 64.0015),
(89.0922, 57.7682),
(91.726, 52.6234),
(91.7355, 48.9702),
(91.5079, 53.3127),
(88.239, 31.4774),
(88.5305, 30.476),
(55.3652, 30.4459),
(62.5603, 30.4471),
(58.0067, 30.2537),
(55.0671, 29.0115),
(61.6148, 29.9944),
(68.5431, 35.6578),
(77.7061, 20.3043),
(68.453, 13.0355),
(68.2572, 12.3846),
(70.2555, 13.2504),
(65.0443, 11.0008),
(60.0922, 11.8721),
(52.992, 9.90667),
(50.1446, 12.2115),
(46.5086, 11.2071),
(43.807, 11.3189),
(57.8179, 10.9451),
(50.9405, 9.69155),
(63.4973, 11.9141),
(50.0165, 11.9339),
(58.6368, 11.9747),
(54.7303, 11.4129),
(65.8755, 11.7324),
(57.061, 9.92056),
(46.8199, 10.4947),
(38.3594, 13.4313),
(47.3154, 12.8535),
(55.0519, 11.95),
(50.516, 9.76559),
(49.6774, 10.3831),
(67.2807, 14.1287),
(66.173, 12.0379),
(61.0885, 10.0845),
(66.0531, 13.3802),
(72.67, 15.2342),
(61.5035, 10.8284),
(68.995, 13.9943),
(78.2499, 17.8832),
(36.482, 15.1628),
(50.9677, 29.6798),
(91.1911, 46.6743),
(55.8638, 85.3365),
(49.2806, 84.0488),
(43.3685, 84.3322);

-- --------------------------------------------------------

--
-- Structure de la table `circle`
--

CREATE TABLE `circle` (
  `x` float NOT NULL,
  `y` float NOT NULL
) ENGINE=InnoDB DEFAULT CHARSET=utf8mb4 COLLATE=utf8mb4_general_ci;

--
-- Déchargement des données de la table `circle`
--

INSERT INTO `circle` (`x`, `y`) VALUES
(55.993, 79.2773),
(50.0323, 79.0131),
(51.2885, 82.4359),
(51.1705, 79.1653),
(44.3779, 78.1646),
(45.0103, 77.8809),
(48.5598, 78.7884),
(42.1423, 76.8806),
(41.027, 76.4096),
(34.5753, 72.7248),
(31.1686, 69.2454),
(32.6443, 70.7326),
(26.6666, 62.981),
(26.4593, 62.6347),
(25.538, 60.6302),
(26.3207, 62.3963),
(26.1634, 62.0268),
(25.2138, 60.2734),
(26.8595, 63.1418),
(31.7607, 69.7977),
(39.7933, 75.808),
(45.6174, 78.12),
(53.7715, 79.3029),
(56.4514, 79.2471),
(66.0937, 77.0178),
(56.9258, 79.2063),
(58.9883, 78.9173),
(57.9023, 79.0809),
(64.8129, 77.4869),
(60.3498, 78.7294),
(48.8906, 16.8065),
(47.5495, 17.0714),
(30.8894, 26.329),
(28.9728, 29.0505),
(35.1614, 22.7868),
(45.8704, 17.4894),
(32.8314, 24.7975),
(39.4856, 20.0331),
(33.4462, 24.1906),
(21.8636, 46.0526),
(25.1659, 35.7666),
(22.9595, 51.2877),
(25.5861, 60.8466),
(26.3143, 33.2972),
(33.0373, 24.5645),
(36.4689, 21.8761),
(26.5136, 32.9188),
(36.0271, 22.1954),
(42.681, 18.5425),
(45.0411, 17.7345),
(47.3524, 17.1347),
(53.8462, 16.3873),
(55.1296, 16.3532),
(52.1881, 16.4182),
(58.6727, 16.6634),
(82.1443, 33.1952),
(75.6866, 24.7415),
(85.345, 52.8864),
(83.8447, 58.6161),
(85.6648, 45.5428),
(77.931, 68.6901),
(73.0318, 73.1206),
(70.1028, 75.6832),
(57.1447, 79.1941),
(46.9625, 78.6666),
(50.5649, 79.0773),
(53.7197, 79.3069),
(54.2002, 79.325),
(47.8752, 78.6758),
(51.4735, 79.1599),
(52.7512, 79.2937),
(48.5622, 78.7824),
(53.0812, 79.2972),
(56.4754, 79.1678),
(49.5709, 79.0381),
(37.6277, 74.5575),
(32.2637, 70.3166),
(32.5424, 70.7024),
(52.825, 85.5781),
(58.5283, 78.9787),
(56.2658, 79.2529),
(57.0759, 79.1939),
(54.2564, 79.3139),
(62.6857, 78.1747),
(68.0856, 76.1123),
(65.1181, 77.3992),
(68.7456, 75.7901),
(63.0902, 78.0414),
(77.2046, 69.3121),
(82.0339, 62.6819),
(81.5779, 63.8949),
(85.1801, 53.7817),
(84.2868, 57.2562),
(85.6225, 45.0242),
(85.6045, 50.7623),
(84.4248, 38.7614),
(85.571, 44.5601),
(84.6267, 39.4871),
(73.3962, 22.8162),
(73.5074, 22.857),
(63.3565, 17.7241),
(72.959, 22.5115),
(64.0208, 17.8836),
(61.1245, 17.1164),
(75.6742, 24.7825),
(69.5136, 20.2794),
(58.5721, 16.6427),
(70.9819, 21.1459),
(65.223, 18.3972),
(65.315, 18.3337),
(64.0102, 17.9245),
(57.1409, 16.5986),
(56.3652, 16.3265),
(43.0462, 18.4026),
(52.0818, 16.4539),
(42.879, 18.4894),
(51.567, 16.4857),
(58.8391, 16.6376),
(60.7558, 17.0332),
(54.7612, 16.3662),
(53.5699, 16.3397),
(48.9146, 16.7986),
(52.6461, 16.3848),
(49.8385, 16.6763),
(52.6841, 16.408),
(65.8072, 18.1408),
(60.6739, 17.0518),
(63.3947, 17.7005),
(64.802, 18.2169),
(65.0259, 18.2878),
(65.7556, 18.5162),
(69.9677, 20.539),
(68.8928, 20.0324),
(61.8265, 17.2697),
(60.788, 17.0462),
(61.9156, 17.2822),
(45.029, 17.7244),
(39.9214, 19.7018),
(84.7943, 55.5686),
(55.663, 83.3565),
(50.4922, 78.9975),
(51.4671, 79.2018);

-- --------------------------------------------------------

--
-- Structure de la table `dino`
--

CREATE TABLE `dino` (
  `x` float NOT NULL,
  `y` float NOT NULL
) ENGINE=InnoDB DEFAULT CHARSET=utf8mb4 COLLATE=utf8mb4_general_ci;

--
-- Déchargement des données de la table `dino`
--

INSERT INTO `dino` (`x`, `y`) VALUES
(55.3846, 97.1795),
(51.5385, 96.0256),
(46.1538, 94.4872),
(42.8205, 91.4103),
(40.7692, 88.3333),
(38.7179, 84.8718),
(35.641, 79.8718),
(33.0769, 77.5641),
(28.9744, 74.4872),
(26.1538, 71.4103),
(23.0769, 66.4103),
(22.3077, 61.7949),
(22.3077, 57.1795),
(23.3333, 52.9487),
(25.8974, 51.0256),
(29.4872, 51.0256),
(32.8205, 51.0256),
(35.3846, 51.4103),
(40.2564, 51.4103),
(44.1026, 52.9487),
(46.6667, 54.1026),
(50, 55.2564),
(53.0769, 55.641),
(56.6667, 56.0256),
(59.2308, 57.9487),
(61.2821, 62.1795),
(61.5385, 66.4103),
(61.7949, 69.1026),
(57.4359, 55.2564),
(54.8718, 49.8718),
(52.5641, 46.0256),
(48.2051, 38.3333),
(49.4872, 42.1795),
(51.0256, 44.1026),
(45.3846, 36.4103),
(42.8205, 32.5641),
(38.7179, 31.4103),
(35.1282, 30.2564),
(32.5641, 32.1795),
(30, 36.7949),
(33.5897, 41.4103),
(36.6667, 45.641),
(38.2051, 49.1026),
(29.7436, 36.0256),
(29.7436, 32.1795),
(30, 29.1026),
(32.0513, 26.7949),
(35.8974, 25.2564),
(41.0256, 25.2564),
(44.1026, 25.641),
(47.1795, 28.718),
(49.4872, 31.4103),
(51.5385, 34.8718),
(53.5897, 37.5641),
(55.1282, 40.641),
(56.6667, 42.1795),
(59.2308, 44.4872),
(62.3077, 46.0256),
(64.8718, 46.7949),
(67.9487, 47.9487),
(70.5128, 53.718),
(71.5385, 60.641),
(71.5385, 64.4872),
(69.4872, 69.4872),
(46.9231, 79.8718),
(48.2051, 84.1026),
(50, 85.2564),
(53.0769, 85.2564),
(55.3846, 86.0256),
(56.6667, 86.0256),
(56.1538, 82.9487),
(53.8462, 80.641),
(51.2821, 78.718),
(50, 78.718),
(47.9487, 77.5641),
(29.7436, 59.8718),
(29.7436, 62.1795),
(31.2821, 62.5641),
(57.9487, 99.4872),
(61.7949, 99.1026),
(64.8718, 97.5641),
(68.4615, 94.1026),
(70.7692, 91.0256),
(72.0513, 86.4103),
(73.8462, 83.3333),
(75.1282, 79.1026),
(76.6667, 75.2564),
(77.6923, 71.4103),
(79.7436, 66.7949),
(81.7949, 60.2564),
(83.3333, 55.2564),
(85.1282, 51.4103),
(86.4103, 47.5641),
(87.9487, 46.0256),
(89.4872, 42.5641),
(93.3333, 39.8718),
(95.3846, 36.7949),
(98.2051, 33.718),
(56.6667, 40.641),
(59.2308, 38.3333),
(60.7692, 33.718),
(63.0769, 29.1026),
(64.1026, 25.2564),
(64.359, 24.1026),
(74.359, 22.9487),
(71.2821, 22.9487),
(67.9487, 22.1795),
(65.8974, 20.2564),
(63.0769, 19.1026),
(61.2821, 19.1026),
(58.7179, 18.3333),
(55.1282, 18.3333),
(52.3077, 18.3333),
(49.7436, 17.5641),
(47.4359, 16.0256),
(44.8718, 13.718),
(48.7179, 14.8718),
(51.2821, 14.8718),
(54.1026, 14.8718),
(56.1538, 14.1026),
(52.0513, 12.5641),
(48.7179, 11.0256),
(47.1795, 9.8718),
(46.1538, 6.0256),
(50.5128, 9.4872),
(53.8462, 10.2564),
(57.4359, 10.2564),
(60, 10.641),
(64.1026, 10.641),
(66.9231, 10.641),
(71.2821, 10.641),
(74.359, 10.641),
(78.2051, 10.641),
(67.9487, 8.718),
(68.4615, 5.2564),
(68.2051, 2.9487),
(37.6923, 25.7692),
(39.4872, 25.3846),
(91.2821, 41.5385),
(50, 95.7692),
(47.9487, 95),
(44.1026, 92.6923);

-- --------------------------------------------------------

--
-- Structure de la table `dots`
--

CREATE TABLE `dots` (
  `x` float NOT NULL,
  `y` float NOT NULL
) ENGINE=InnoDB DEFAULT CHARSET=utf8mb4 COLLATE=utf8mb4_general_ci;

--
-- Déchargement des données de la table `dots`
--

INSERT INTO `dots` (`x`, `y`) VALUES
(51.1479, 90.8674),
(50.5171, 89.1024),
(50.2075, 85.46),
(50.0695, 83.0577),
(50.5628, 82.9378),
(50.2885, 82.9753),
(25.5835, 82.9149),
(25.4836, 82.9291),
(25.4435, 82.8742),
(25.5651, 82.9241),
(25.9288, 82.8212),
(27.5515, 51.4874),
(27.5305, 51.4148),
(27.0956, 52.0768),
(27.4392, 51.7121),
(27.8783, 50.7089),
(27.3389, 51.653),
(27.6784, 51.182),
(52.6357, 51.4186),
(52.0252, 52.123),
(52.8812, 50.6216),
(52.9526, 50.0747),
(52.5206, 51.5024),
(52.3428, 51.862),
(51.9276, 52.2578),
(52.7138, 51.1979),
(50.4438, 82.9418),
(50.2167, 83.7523),
(52.1842, 51.9753),
(52.7921, 51.0734),
(52.5897, 51.3381),
(52.0289, 52.1768),
(52.7292, 51.2018),
(52.8843, 50.4414),
(52.5093, 51.4162),
(50.8627, 17.1456),
(50.8915, 17.1413),
(25.8551, 17.0819),
(26.0256, 16.925),
(27.8932, 50.662),
(27.64, 51.3991),
(27.8927, 50.7953),
(52.7977, 50.686),
(27.5806, 51.5248),
(26.4914, 17.4054),
(25.9853, 17.2037),
(26.2014, 17.0938),
(25.8576, 17.1138),
(50.7047, 17.0237),
(50.812, 17.1149),
(50.5648, 17.0778),
(50.9393, 16.981),
(50.4589, 17.0386),
(52.9014, 50.6906),
(52.685, 51.2945),
(52.5001, 51.5944),
(51.8356, 52.3358),
(76.9954, 52.0455),
(77.3106, 51.7467),
(77.926, 50.3187),
(77.2544, 51.4618),
(76.2432, 52.1237),
(77.0845, 51.9671),
(75.2281, 82.9857),
(50.6584, 83.1145),
(50.2034, 82.9827),
(50.9295, 82.846),
(50.1787, 83.1846),
(50.4227, 82.9099),
(50.4642, 82.9353),
(50.4493, 83.9699),
(49.9284, 82.9937),
(50.488, 83.0995),
(49.9649, 83.7083),
(50.7521, 82.9019),
(27.4224, 51.4389),
(27.6741, 51.3041),
(27.5374, 51.5937),
(52.2633, 94.2493),
(51.7373, 92.9791),
(75.871, 88.3864),
(75.2443, 83.9035),
(75.1983, 83.4623),
(75.701, 82.9195),
(75.4793, 82.884),
(75.1946, 82.9321),
(74.8203, 82.9624),
(75.1643, 83.035),
(75.2634, 82.9453),
(77.7564, 51.1518),
(77.9544, 50.4756),
(77.0833, 52.1578),
(76.0636, 52.1047),
(77.682, 51.1656),
(76.8781, 51.8676),
(76.9485, 51.9075),
(77.8641, 49.6625),
(75.7715, 17.1113),
(52.3316, 51.8789),
(52.5928, 51.3916),
(50.477, 17.0483),
(75.2965, 17.0157),
(75.574, 17.0622),
(75.4005, 17.0411),
(75.871, 17.1349),
(75.6059, 17.0677),
(75.8956, 17.17),
(75.7466, 17.1057),
(75.1423, 16.7549),
(50.6618, 17.0781),
(50.6999, 17.0852),
(50.9189, 17.1476),
(50.7253, 16.9075),
(51.2639, 17.1623),
(51.2509, 17.2405),
(50.7852, 17.1802),
(50.5014, 17.1058),
(50.7337, 16.993),
(50.7114, 17.0883),
(50.8127, 16.5727),
(51.0142, 17.2211),
(50.3535, 17.0647),
(50.4355, 17.0652),
(50.631, 17.0765),
(51.0668, 17.2089),
(50.7924, 17.2042),
(50.5513, 17.0847),
(50.5598, 17.0939),
(75.326, 15.7719),
(75.0447, 17.0043),
(75.2871, 16.1749),
(75.24, 17.0318),
(75.1525, 17.0049),
(75.9618, 16.6948),
(75.4481, 17.0451),
(75.7594, 16.9429),
(50.3783, 16.9463),
(50.5336, 17.0196),
(77.5009, 50.167),
(50.6911, 87.514),
(49.9904, 83.9974),
(50.1272, 82.9908);

-- --------------------------------------------------------

--
-- Structure de la table `high_lines`
--

CREATE TABLE `high_lines` (
  `x` float NOT NULL,
  `y` float NOT NULL
) ENGINE=InnoDB DEFAULT CHARSET=utf8mb4 COLLATE=utf8mb4_general_ci;

--
-- Déchargement des données de la table `high_lines`
--

INSERT INTO `high_lines` (`x`, `y`) VALUES
(57.6132, 83.9052),
(51.2744, 82.818),
(50.7539, 76.7541),
(37.0212, 81.9545),
(42.8818, 80.1848),
(37.1557, 84.9541),
(38.7319, 83.7894),
(31.0005, 82.5795),
(25.9855, 74.3494),
(23.7146, 75.098),
(23.0773, 71.7205),
(24.9391, 72.5803),
(17.8935, 71.1097),
(23.6731, 64.8708),
(23.7491, 63.5572),
(32.2152, 65.601),
(29.4368, 67.5545),
(40.0501, 71.889),
(37.5748, 69.9887),
(49.3105, 67.1688),
(47.348, 72.5916),
(50.1574, 71.1617),
(58.21, 68.0445),
(56.6089, 70.4089),
(52.8338, 72.5519),
(61.8186, 76.1128),
(61.7276, 77.0692),
(62.1923, 76.1568),
(58.1188, 73.119),
(58.2704, 35.5969),
(59.7665, 32.6213),
(52.5355, 27.1741),
(50.8925, 29.1453),
(49.9676, 28.4602),
(51.3479, 27.3643),
(37.5551, 24.5377),
(39.1996, 23.6805),
(36.3827, 25.238),
(41.1007, 26.5526),
(28.2178, 28.2803),
(33.7971, 28.6998),
(43.9194, 27.7978),
(44.4164, 28.9477),
(28.0376, 26.8038),
(31.6896, 26.6664),
(27.2796, 19.2573),
(31.2219, 26.4409),
(33.5458, 20.0807),
(39.7363, 23.4948),
(42.8418, 20.3339),
(47.0937, 26.9935),
(51.4537, 26.0229),
(49.3677, 22.0056),
(48.2535, 29.2709),
(61.003, 30.0153),
(60.8066, 27.8683),
(59.0674, 26.7883),
(61.4146, 31.0394),
(68.9344, 31.6199),
(63.0652, 34.2357),
(72.2725, 67.6444),
(75.3599, 75.4216),
(72.8336, 72.1147),
(70.8104, 79.3505),
(45.8019, 81.6583),
(45.835, 82.7426),
(40.0788, 80.2472),
(51.9829, 82.2044),
(57.3379, 84.9995),
(62.3362, 83.2466),
(58.5059, 81.7456),
(56.2479, 83.5139),
(55.4065, 80.2667),
(53.284, 84.2636),
(44.6768, 80.2383),
(30.0113, 68.1468),
(29.7453, 74.4045),
(37.3099, 72.5862),
(61.1359, 82.5376),
(61.7206, 85.7057),
(63.6094, 83.36),
(70.7237, 87.1522),
(75.0064, 82.4258),
(75.0926, 83.4374),
(70.3279, 82.0294),
(70.8633, 79.4082),
(75.7799, 79.8862),
(78.0937, 77.7596),
(76.7458, 71.9734),
(78.4646, 69.7493),
(76.7457, 70.0441),
(85.1617, 65.5124),
(91.8083, 34.9656),
(91.8875, 34.7693),
(92.2484, 32.3772),
(91.7825, 34.3843),
(96.0805, 28.0536),
(92.2479, 28.0708),
(57.6623, 24.0606),
(59.8469, 26.1777),
(64.0671, 27.7765),
(60.9815, 23.9343),
(59.9671, 26.8026),
(62.7075, 21.9955),
(69.1952, 22.7098),
(65.5924, 20.6942),
(64.6171, 22.4431),
(59.1912, 17.7679),
(55.8396, 21.6186),
(59.0008, 21.171),
(56.4594, 25.1446),
(52.3581, 19.4171),
(51.8117, 17.0335),
(54.2228, 19.5037),
(49.0188, 23.4893),
(35.6536, 17.5145),
(46.9658, 16.7892),
(49.5842, 16.7579),
(51.8563, 21.9691),
(55.9529, 16.7898),
(51.6638, 19.9251),
(45.8597, 17.1289),
(39.7404, 18.7411),
(52.8112, 17.855),
(56.7891, 17.3061),
(54.1145, 17.6735),
(55.5711, 17.3696),
(65.3065, 18.1974),
(66.9907, 17.2229),
(72.1567, 16.8143),
(70.9806, 17.1558),
(72.2221, 19.3693),
(79.7002, 20.7402),
(64.2492, 14.914),
(66.9433, 20.1891),
(66.9417, 18.2435),
(39.6483, 22.7314),
(37.9498, 26.5217),
(86.5044, 34.894),
(50.8155, 78.9508),
(51.1835, 85.1289),
(40.8639, 82.9261);

-- --------------------------------------------------------

--
-- Structure de la table `h_lines`
--

CREATE TABLE `h_lines` (
  `x` float NOT NULL,
  `y` float NOT NULL
) ENGINE=InnoDB DEFAULT CHARSET=utf8mb4 COLLATE=utf8mb4_general_ci;

--
-- Déchargement des données de la table `h_lines`
--

INSERT INTO `h_lines` (`x`, `y`) VALUES
(53.3666, 90.208),
(52.802, 90.0881),
(47.0541, 90.4589),
(42.4484, 89.5077),
(42.704, 90.4426),
(32.3789, 90.1441),
(32.5307, 70.1574),
(33.3653, 70.4593),
(32.6561, 70.0511),
(22.9551, 70.4269),
(27.1498, 70.2108),
(26.1669, 70.5003),
(26.3315, 50.4946),
(22.0037, 50.4994),
(23.2847, 50.4744),
(27.634, 50.5037),
(32.0371, 50.5001),
(29.3365, 50.4619),
(40.817, 50.4878),
(42.7391, 50.4832),
(51.8679, 50.4933),
(43.371, 50.5008),
(53.0428, 50.4875),
(56.6189, 50.5034),
(70.5683, 50.4962),
(67.8709, 70.068),
(58.8215, 70.4558),
(60.1869, 70.4836),
(59.4355, 50.4206),
(49.5858, 50.435),
(41.7797, 50.4706),
(46.1277, 30.4494),
(38.0338, 50.4909),
(44.5468, 50.4159),
(46.2381, 30.4956),
(49.7397, 30.4727),
(39.1103, 30.4787),
(39.1428, 30.7929),
(34.6255, 30.4997),
(34.7542, 30.4959),
(36.7537, 50.5293),
(37.0194, 50.4927),
(41.4171, 50.4698),
(22.8171, 30.436),
(34.8007, 30.4979),
(27.8919, 30.485),
(32.8706, 30.5023),
(37.794, 30.4926),
(35.6673, 30.522),
(48.4423, 30.5017),
(58.6694, 30.5068),
(47.917, 30.4867),
(51.8942, 30.4948),
(51.7491, 30.473),
(58.2466, 50.4429),
(57.3107, 50.4825),
(67.968, 50.4522),
(65.9493, 50.4942),
(55.7471, 50.479),
(68.403, 50.4986),
(76.6965, 50.4938),
(67.2148, 70.26),
(72.302, 70.2204),
(66.7633, 70.4739),
(51.6803, 89.997),
(53.0966, 89.5402),
(42.2423, 89.7086),
(56.2339, 89.6353),
(54.681, 89.9646),
(57.9027, 89.6184),
(51.8203, 89.8341),
(56.8284, 89.5837),
(58.2723, 69.9003),
(51.8281, 70.3526),
(44.85, 70.3952),
(24.2704, 50.4856),
(34.7425, 70.3399),
(37.7993, 70.4695),
(49.7869, 89.6581),
(59.7515, 89.7319),
(64.7748, 90.1323),
(70.8444, 89.9242),
(70.6059, 90.0421),
(78.6425, 89.5512),
(70.8107, 89.5927),
(66.7699, 70.4234),
(73.3364, 70.3169),
(73.1051, 70.3005),
(74.6783, 70.4453),
(80.2402, 70.3543),
(70.9468, 50.4727),
(88.6627, 50.4553),
(84.406, 50.4949),
(75.9871, 50.492),
(91.1121, 50.4894),
(98.2881, 30.6039),
(95.0653, 30.5004),
(95.2492, 30.4595),
(49.6561, 50.4313),
(63.0186, 30.4926),
(70.5382, 30.4836),
(70.0869, 30.51),
(62.6857, 30.5464),
(69.2394, 30.506),
(80.4002, 30.485),
(74.6479, 30.6739),
(65.9953, 30.475),
(67.0886, 30.4945),
(59.8526, 10.5432),
(53.749, 10.5226),
(58.2391, 10.4949),
(54.8103, 10.7249),
(52.9767, 10.8595),
(52.2039, 10.4956),
(50.7452, 10.5249),
(42.7132, 10.4875),
(45.3172, 10.4959),
(53.1169, 10.5069),
(57.0498, 10.5081),
(54.8546, 10.4639),
(54.9248, 10.4983),
(63.3096, 10.4888),
(49.7495, 10.4858),
(41.1693, 10.4973),
(46.6883, 10.5075),
(52.4189, 10.4959),
(50.8785, 10.5031),
(57.0533, 10.5141),
(70.7865, 10.5137),
(56.7721, 10.5033),
(75.4772, 10.5186),
(76.7659, 10.497),
(77.621, 10.4959),
(65.4145, 10.6818),
(69.9648, 10.5072),
(64.9697, 10.4822),
(38.0502, 30.4079),
(42.2241, 30.498),
(87.6985, 50.4899),
(52.3603, 89.7043),
(51.4068, 89.7121),
(43.5885, 89.7455);

-- --------------------------------------------------------

--
-- Structure de la table `matiere`
--

CREATE TABLE `matiere` (
  `id` int(11) NOT NULL,
  `nom` varchar(254) DEFAULT NULL
) ENGINE=InnoDB DEFAULT CHARSET=utf8mb4 COLLATE=utf8mb4_general_ci;

--
-- Déchargement des données de la table `matiere`
--

INSERT INTO `matiere` (`id`, `nom`) VALUES
(1, 'Math'),
(2, 'Anglais'),
(3, 'Programmation objet'),
(4, 'Sécurité informatique'),
(5, 'Archi n Tiers'),
(6, 'Conception'),
(7, 'Bases de données'),
(8, 'Développement web'),
(9, 'Java'),
(10, 'Ergonomie');

-- --------------------------------------------------------

--
-- Structure de la table `slant_down`
--

CREATE TABLE `slant_down` (
  `x` float NOT NULL,
  `y` float NOT NULL
) ENGINE=InnoDB DEFAULT CHARSET=utf8mb4 COLLATE=utf8mb4_general_ci;

--
-- Déchargement des données de la table `slant_down`
--

INSERT INTO `slant_down` (`x`, `y`) VALUES
(52.872, 97.3432),
(59.0141, 93.5749),
(56.3751, 96.3051),
(37.8392, 94.3594),
(39.8854, 90.6347),
(44.0774, 84.1259),
(31.497, 67.9126),
(25.9526, 73.0332),
(36.4347, 62.294),
(24.9975, 75.4416),
(32.2463, 70.1106),
(18.1095, 53.7081),
(21.7961, 49.4995),
(24.1505, 47.1885),
(28.6032, 44.2237),
(20.932, 51.6462),
(35.4355, 34.961),
(44.3774, 57.6847),
(46.3137, 55.6856),
(46.3861, 51.0022),
(42.4954, 56.9037),
(44.3005, 58.133),
(46.9883, 55.4206),
(52.4215, 47.867),
(64.091, 68.651),
(63.0169, 68.2253),
(67.3026, 64.4135),
(67.226, 62.4764),
(50.31, 47.2679),
(45.4126, 53.8708),
(54.0206, 47.2699),
(49.842, 50.5766),
(50.7133, 48.7723),
(55.0456, 45.9863),
(37.5437, 32.884),
(39.7959, 28.4432),
(28.5234, 39.7967),
(31.3996, 39.2653),
(39.2416, 33.3614),
(27.7141, 42.2501),
(32.9607, 35.8231),
(35.4047, 31.9392),
(51.6422, 50.8383),
(34.2076, 33.5938),
(36.5235, 35.671),
(28.4192, 21.3157),
(26.1605, 23.0422),
(40.4353, 27.6401),
(44.545, 27.3622),
(40.1237, 30.0732),
(42.1848, 28.5737),
(40.0027, 27.4875),
(57.1252, 42.739),
(60.3757, 41.3565),
(55.1059, 46.1491),
(61.7373, 38.5848),
(55.7412, 46.6536),
(58.2964, 41.5832),
(57.0425, 42.4188),
(76.7756, 55.2546),
(71.8871, 59.267),
(73.7884, 58.6208),
(75.1397, 54.2446),
(64.5963, 65.9525),
(46.9095, 85.6023),
(46.9051, 81.5656),
(49.807, 82.085),
(48.8632, 83.1584),
(66.7482, 84.0048),
(62.3598, 90.2437),
(47.3749, 83.4716),
(47.4465, 82.6221),
(53.3853, 78.8711),
(49.4527, 79.9306),
(54.8027, 75.364),
(37.0882, 60.8572),
(32.376, 68.5108),
(37.477, 63.7887),
(52.4067, 96.4254),
(50.297, 99.6442),
(61.5633, 89.8641),
(61.0866, 89.2244),
(59.2365, 91.4811),
(66.154, 84.1119),
(67.2313, 85.0556),
(73.7099, 78.2706),
(76.5805, 72.8915),
(78.8766, 71.5625),
(77.449, 72.4473),
(86.8537, 65.5433),
(79.8065, 52.7232),
(76.9883, 54.2028),
(79.4794, 49.141),
(82.3042, 46.9909),
(90.7007, 41.4667),
(95.4435, 36.1897),
(94.9975, 35.0953),
(91.5178, 36.8903),
(62.2926, 40.0295),
(59.2035, 41.2707),
(65.2564, 32.8541),
(62.4447, 35.415),
(72.4624, 27.6243),
(69.9194, 29.3111),
(77.7629, 23.4914),
(72.7784, 26.9005),
(65.1983, 33.0272),
(69.4599, 30.197),
(59.3151, 12.3543),
(51.4877, 20.8436),
(57.1124, 15.3218),
(50.2244, 19.171),
(50.4339, 18.5349),
(56.3803, 14.7885),
(54.8635, 14.0096),
(45.4999, 3.98543),
(49.9367, 21.5901),
(53.8099, 17.7664),
(59.8527, 9.03995),
(48.1757, 19.5212),
(50.7417, 17.8384),
(58.4598, 14.1487),
(50.1146, 1.74146),
(45.4204, 5.37241),
(51.3533, 0.303872),
(53.0917, 19.29),
(58.9432, 11.6129),
(59.311, 10.5721),
(68.2222, 1.13388),
(62.5118, 7.49123),
(69.3801, 1.48813),
(82.8002, 18.5294),
(85.1603, 15.0184),
(67.0958, 0.601491),
(62.3078, 5.74997),
(59.9704, 7.91331),
(39.9116, 32.144),
(39.5965, 32.1361),
(95.5934, 33.2341),
(52.7723, 99.6135),
(53.1786, 98.6039),
(37.6271, 93.0607);

-- --------------------------------------------------------

--
-- Structure de la table `slant_up`
--

CREATE TABLE `slant_up` (
  `x` float NOT NULL,
  `y` float NOT NULL
) ENGINE=InnoDB DEFAULT CHARSET=utf8mb4 COLLATE=utf8mb4_general_ci;

--
-- Déchargement des données de la table `slant_up`
--

INSERT INTO `slant_up` (`x`, `y`) VALUES
(47.6952, 95.2412),
(44.61, 93.0758),
(43.8564, 94.0859),
(41.5789, 90.3036),
(49.1774, 96.6105),
(42.6523, 90.5606),
(30.1233, 81.1443),
(31.9155, 79.7904),
(27.8877, 75.4456),
(27.5482, 75.1648),
(20.2098, 67.5166),
(24.4435, 54.4737),
(24.6308, 53.3957),
(21.038, 49.8293),
(27.1062, 54.7196),
(28.0896, 60.5122),
(31.1357, 61.4319),
(37.7008, 68.4184),
(43.3927, 43.5976),
(51.2624, 49.6665),
(43.2867, 43.0569),
(55.9059, 54.2527),
(50.199, 52.225),
(55.7616, 54.0305),
(58.3231, 60.0311),
(70.1715, 70.2822),
(60.6003, 59.7533),
(63.7603, 61.1856),
(54.3895, 53.8119),
(55.2413, 52.5936),
(49.0701, 48.8969),
(46.0181, 46.2577),
(44.7596, 41.9746),
(51.6006, 50.0325),
(36.4659, 35.5242),
(33.3948, 35.0168),
(37.5801, 38.8316),
(36.6197, 36.8114),
(36.1635, 33.8193),
(33.1678, 31.2477),
(42.645, 40.1543),
(47.225, 44.5756),
(48.3924, 50.3315),
(27.2452, 29.8195),
(30.4043, 29.0795),
(30.0808, 27.588),
(33.9806, 35.0331),
(34.2506, 34.4416),
(51.1412, 20.6183),
(49.8996, 19.5641),
(55.5899, 26.2992),
(55.4821, 22.8275),
(63.5729, 32.9386),
(59.0251, 28.3221),
(62.4238, 33.4866),
(47.8499, 48.5566),
(52.2686, 52.8052),
(68.851, 39.5734),
(65.6764, 35.1093),
(77.7469, 47.3718),
(80.3529, 47.8003),
(60.3376, 63.035),
(61.6587, 64.1),
(71.545, 72.6577),
(49.041, 77.3626),
(51.8869, 80.1136),
(57.969, 85.356),
(54.8557, 83.7834),
(54.1332, 83.794),
(51.3088, 80.1364),
(61.1204, 88.7041),
(55.5639, 85.8104),
(55.0441, 83.5414),
(50.4442, 78.1959),
(43.8277, 71.0471),
(37.7914, 66.8546),
(29.2928, 59.792),
(32.1921, 60.2006),
(51.4339, 99.2569),
(67.4641, 96),
(65.1507, 92.5026),
(65.5834, 93.5171),
(69.289, 99.5796),
(81.2694, 80.6359),
(78.5757, 76.8157),
(74.1868, 74.3442),
(72.6222, 74.527),
(75.1415, 73.8197),
(75.1687, 73.9004),
(85.3242, 55.3886),
(84.0905, 56.302),
(86.2562, 55.8309),
(92.5488, 42.9019),
(90.3426, 37.7804),
(85.8192, 37.5714),
(90.4418, 40.1331),
(92.0176, 39.9179),
(95.2605, 46.0088),
(41.2903, 42.3116),
(66.4313, 36.5361),
(63.9863, 32.7134),
(61.2697, 29.3857),
(60.7494, 28.0517),
(64.6552, 16.6123),
(68.6383, 18.508),
(65.7767, 16.7877),
(71.1341, 19.386),
(63.7232, 14.5214),
(73.0015, 24.0738),
(72.4367, 20.5783),
(68.4128, 19.9131),
(52.8583, 20.2351),
(53.53, 24.2419),
(50.7597, 18.0894),
(42.5348, 10.1699),
(41.5304, 13.3963),
(46.7145, 15.6133),
(48.4506, 16.2123),
(59.6326, 7.05804),
(61.6186, 13.4108),
(48.834, 17.726),
(45.3427, 13.9088),
(42.415, 11.6938),
(58.9348, 9.3692),
(60.6836, 10.6326),
(54.8118, 6.56965),
(61.5868, 11.0276),
(59.716, 11.5191),
(58.4164, 5.64578),
(59.2438, 10.5401),
(56.5944, 8.91734),
(68.4925, 17.9874),
(65.0059, 15.9127),
(63.921, 15.621),
(53.513, 5.87511),
(57.8328, 9.22238),
(31.0329, 28.9281),
(31.3332, 32.5386),
(86.4016, 38.7469),
(47.4421, 98.1843),
(46.2647, 94.1162),
(40.1638, 87.4487),
(58.2136, 91.8819),
(58.1961, 92.215),
(58.7182, 90.3105),
(57.2784, 89.9076),
(58.082, 92.0081),
(57.4894, 88.0853),
(28.0887, 63.5108),
(28.0855, 63.5902),
(28.0873, 63.1233),
(27.578, 62.821),
(27.7799, 63.5181),
(28.589, 63.0241),
(28.7391, 62.7209),
(27.0246, 62.9019),
(28.8013, 63.389),
(27.1865, 63.5587),
(29.2851, 63.3836),
(39.4029, 51.1509),
(28.8113, 61.3579),
(34.304, 56.5421),
(29.6028, 60.1573),
(49.1162, 63.66),
(39.6175, 62.9252),
(43.2331, 63.1652),
(64.8928, 65.8142),
(62.4902, 74.5843),
(68.9881, 63.2321),
(62.1056, 75.9909),
(32.4618, 62.8819),
(41.3272, 49.0703),
(44.0071, 46.4497),
(44.0741, 34.5532),
(44.0013, 33.9042),
(45.0063, 38.299),
(44.4438, 36.0191),
(42.1787, 26.4921),
(44.0446, 35.6622),
(41.6405, 27.0931),
(41.9383, 24.9915),
(44.0539, 33.5564),
(39.2067, 51.5337),
(28.7044, 61.7775),
(31.7087, 58.8378),
(42.8117, 30.0204),
(43.3006, 31.5264),
(40.3986, 16.347),
(40.4357, 20.2327),
(40.9365, 16.913),
(39.6616, 15.6094),
(40.8993, 20.7985),
(41.9686, 26.4971),
(40.3834, 21.3912),
(56.5381, 32.4442),
(52.9707, 29.0402),
(54.621, 30.3445),
(65.099, 27.2416),
(63.056, 29.7091),
(70.9601, 41.2595),
(69.8958, 43.4538),
(70.5959, 41.9647),
(69.647, 44.0444),
(77.393, 63.3715),
(64.4008, 67.4487),
(63.869, 70.2137),
(56.5944, 86.927),
(56.5313, 87.4998),
(59.6522, 87.8095),
(56.6365, 85.6375),
(58.6723, 90.0772),
(58.2216, 90.411),
(57.9147, 89.9538),
(55.3155, 80.2519),
(54.5757, 77.5363),
(54.4131, 78.2291),
(55.0745, 79.8175),
(29.433, 60.8018),
(29.4227, 63.0685),
(29.0056, 63.3908),
(58.4618, 90.2653),
(57.9978, 92.1599),
(57.5495, 90.7489),
(59.5299, 88.3273),
(58.2494, 92.1297),
(58.0245, 91.6944),
(58.3821, 90.5535),
(62.5668, 77.7439),
(72.1758, 63.1289),
(79.4728, 63.4087),
(80.3577, 63.2954),
(78.7572, 53.3326),
(82.5402, 56.5411),
(86.4359, 59.7928),
(79.4887, 53.6517),
(81.5304, 56.0254),
(79.1868, 53.2348),
(77.8991, 51.8225),
(75.1307, 23.3724),
(76.058, 16.3837),
(57.6147, 33.8224),
(56.1714, 32.118),
(66.2879, 26.1171),
(67.8817, 24.236),
(64.0281, 27.6727),
(77.4967, 14.9485),
(77.6347, 14.4619),
(77.8637, 14.6107),
(77.3382, 15.8901),
(76.1804, 15.9126),
(77.2526, 15.1515),
(77.4134, 15.2219),
(76.7318, 16.2168),
(49.4711, 25.063),
(42.4765, 18.3385),
(43.5951, 19.9942),
(50.34, 26.4714),
(40.749, 16.1821),
(38.3865, 14.5802),
(38.404, 14.4519),
(38.7643, 14.3656),
(41.4701, 17.278),
(47.1554, 22.3779),
(39.5826, 17.6485),
(41.7402, 17.8293),
(39.3119, 15.6407),
(41.6798, 17.7459),
(39.0875, 15.1223),
(41.4815, 18.0474),
(77.6061, 15.1629),
(75.9827, 16.3069),
(76.9458, 15.8585),
(77.5437, 15.2539),
(77.5847, 15.83),
(76.8223, 15.5952),
(77.3486, 15.7745),
(77.5732, 14.7806),
(77.9726, 14.9557),
(41.5289, 24.9164),
(43.7225, 19.0773),
(79.3261, 52.9004),
(56.664, 87.9401),
(57.8218, 90.6932),
(58.2432, 92.1043);

-- --------------------------------------------------------

--
-- Structure de la table `star`
--

CREATE TABLE `star` (
  `x` float NOT NULL,
  `y` float NOT NULL
) ENGINE=InnoDB DEFAULT CHARSET=utf8mb4 COLLATE=utf8mb4_general_ci;

--
-- Déchargement des données de la table `star`
--

INSERT INTO `star` (`x`, `y`) VALUES
(91.8819, 50.4815),
(92.215, 50.2824),
(90.3105, 50.1867),
(89.9076, 50.3269),
(92.0081, 50.4562),
(88.0853, 30.4648),
(63.5108, 30.5016),
(63.5902, 30.4896),
(63.1233, 30.4502),
(62.821, 30.5184),
(63.5181, 30.5117),
(63.0241, 30.4981),
(62.7209, 30.6202),
(62.9019, 30.4922),
(63.389, 30.4746),
(63.5587, 30.501),
(63.3836, 30.4944),
(51.1509, 30.4995),
(61.3579, 50.1444),
(56.5421, 49.9129),
(60.1573, 50.3374),
(63.66, 50.419),
(62.9252, 50.2053),
(63.1652, 50.4353),
(65.8142, 69.5058),
(74.5843, 69.5341),
(63.2321, 69.5101),
(75.9909, 69.5263),
(62.8819, 49.9472),
(49.0703, 50.0631),
(46.4497, 50.4899),
(34.5532, 49.6889),
(33.9042, 50.3335),
(38.299, 50.4468),
(36.0191, 50.4209),
(26.4921, 50.3741),
(35.6622, 30.4768),
(27.0931, 30.5035),
(24.9915, 30.5048),
(33.5564, 30.4622),
(51.5337, 30.4913),
(61.7775, 30.4497),
(58.8378, 30.486),
(30.0204, 30.5021),
(31.5264, 30.4781),
(16.347, 30.5012),
(20.2327, 30.5048),
(16.913, 30.5091),
(15.6094, 50.1156),
(20.7985, 50.4483),
(26.4971, 50.1732),
(21.3912, 49.9227),
(32.4442, 50.3113),
(29.0402, 50.3994),
(30.3445, 50.3374),
(27.2416, 50.2023),
(29.7091, 50.2749),
(41.2595, 69.4944),
(43.4538, 69.5193),
(41.9647, 69.5292),
(44.0444, 69.4958),
(63.3715, 69.1991),
(67.4487, 69.5511),
(70.2137, 69.5067),
(86.927, 50.4441),
(87.4998, 50.4672),
(87.8095, 50.2109),
(85.6375, 50.2054),
(90.0772, 50.4383),
(90.411, 50.3735),
(89.9538, 50.2537),
(80.2519, 50.2505),
(77.5363, 50.0871),
(78.2291, 50.2311),
(79.8175, 50.2077),
(60.8018, 30.4995),
(63.0685, 30.5204),
(63.3908, 30.455),
(90.2653, 50.4165),
(92.1599, 69.5251),
(90.7489, 69.5203),
(88.3273, 69.499),
(92.1297, 69.5286),
(91.6944, 69.4998),
(90.5535, 69.5038),
(77.7439, 69.4876),
(63.1289, 69.5191),
(63.4087, 69.5044),
(63.2954, 69.5126),
(53.3326, 89.4942),
(56.5411, 89.5001),
(59.7928, 89.4902),
(53.6517, 89.4978),
(56.0254, 89.5049),
(53.2348, 89.5011),
(51.8225, 89.4888),
(23.3724, 89.5016),
(16.3837, 89.4975),
(33.8224, 50.4391),
(32.118, 50.1799),
(26.1171, 69.5051),
(24.236, 69.5799),
(27.6727, 69.5065),
(14.9485, 69.4995),
(14.4619, 69.5003),
(14.6107, 69.5042),
(15.8901, 69.5323),
(15.9126, 69.5001),
(15.1515, 69.5048),
(15.2219, 69.5035),
(16.2168, 50.3774),
(25.063, 50.3394),
(18.3385, 50.0937),
(19.9942, 49.9341),
(26.4714, 50.2888),
(16.1821, 50.288),
(14.5802, 50.2347),
(14.4519, 50.2797),
(14.3656, 50.253),
(17.278, 50.4741),
(22.3779, 50.1084),
(17.6485, 49.9191),
(17.8293, 50.0837),
(15.6407, 50.3523),
(17.7459, 50.4976),
(15.1223, 50.0163),
(18.0474, 50.4682),
(15.1629, 69.5507),
(16.3069, 69.5187),
(15.8585, 69.5035),
(15.2539, 69.4995),
(15.83, 69.5275),
(15.5952, 69.5191),
(15.7745, 69.5619),
(14.7806, 69.501),
(14.9557, 69.5246),
(24.9164, 30.4996),
(19.0773, 30.4874),
(52.9004, 89.5002),
(87.9401, 50.4103),
(90.6932, 50.3259),
(92.1043, 50.104);

-- --------------------------------------------------------

--
-- Structure de la table `v_lines`
--

CREATE TABLE `v_lines` (
  `x` float NOT NULL,
  `y` float NOT NULL
) ENGINE=InnoDB DEFAULT CHARSET=utf8mb4 COLLATE=utf8mb4_general_ci;

--
-- Déchargement des données de la table `v_lines`
--

INSERT INTO `v_lines` (`x`, `y`) VALUES
(50.4815, 93.2227),
(50.2824, 97.61),
(50.1867, 99.6947),
(50.3269, 90.0221),
(50.4562, 89.9874),
(30.4648, 82.0892),
(30.5016, 82.3071),
(30.4896, 77.7299),
(30.4502, 79.8349),
(30.5184, 68.2526),
(30.5117, 66.0937),
(30.4981, 62.385),
(30.6202, 60.8601),
(30.4922, 55.8789),
(30.4746, 52.3222),
(30.501, 48.0697),
(30.4944, 45.7735),
(30.4995, 49.3821),
(50.1444, 47.0143),
(49.9129, 55.5878),
(50.3374, 57.9553),
(50.419, 60.5249),
(50.2053, 57.9242),
(50.4353, 56.4393),
(69.5058, 59.2849),
(69.5341, 64.893),
(69.5101, 61.3296),
(69.5263, 56.9953),
(49.9472, 48.2296),
(50.0631, 58.085),
(50.4899, 39.2054),
(49.6889, 42.0185),
(50.3335, 43.5887),
(50.4468, 57.2306),
(50.4209, 43.348),
(50.3741, 32.9182),
(30.4768, 39.4246),
(30.5035, 38.3486),
(30.5048, 28.7715),
(30.4622, 32.7505),
(30.4913, 43.5614),
(30.4497, 44.9951),
(30.486, 47.3479),
(30.5021, 36.4412),
(30.4781, 28.0206),
(30.5012, 38.3141),
(30.5048, 26.4166),
(30.5091, 22.8255),
(50.1156, 16.694),
(50.4483, 21.6403),
(50.1732, 29.1779),
(49.9227, 38.4405),
(50.3113, 26.8605),
(50.3994, 38.9638),
(50.3374, 40.9134),
(50.2023, 47.2129),
(50.2749, 49.6235),
(69.4944, 52.6124),
(69.5193, 47.3845),
(69.5292, 57.8413),
(69.4958, 58.7851),
(69.1991, 60.419),
(69.5511, 58.4011),
(69.5067, 68.0845),
(50.4441, 75.0133),
(50.4672, 90.2815),
(50.2109, 80.9418),
(50.2054, 90.6405),
(50.4383, 92.3548),
(50.3735, 82.2192),
(50.2537, 81.7438),
(50.2505, 71.9514),
(50.0871, 73.9519),
(50.2311, 80.6474),
(50.2077, 73.1145),
(30.4995, 53.6125),
(30.5204, 65.1004),
(30.455, 63.5018),
(50.4165, 97.2697),
(69.5251, 93.5981),
(69.5203, 97.1939),
(69.499, 92.1205),
(69.5286, 91.6221),
(69.4998, 84.4797),
(69.5038, 81.8154),
(69.4876, 81.836),
(69.5191, 71.116),
(69.5044, 70.4934),
(69.5126, 61.4976),
(89.4942, 62.2343),
(89.5001, 53.2163),
(89.4902, 48.8908),
(89.4978, 46.6299),
(89.5049, 48.4234),
(89.5011, 43.3473),
(89.4888, 40.6251),
(89.5016, 45.8152),
(89.4975, 33.9014),
(50.4391, 37.6708),
(50.1799, 36.8076),
(69.5051, 33.7402),
(69.5799, 21.9352),
(69.5065, 22.7287),
(69.4995, 16.3375),
(69.5003, 27.136),
(69.5042, 23.6689),
(69.5323, 21.8509),
(69.5001, 11.7916),
(69.5048, 15.6144),
(69.5035, 17.1691),
(50.3774, 16.506),
(50.3394, 18.7235),
(50.0937, 11.6077),
(49.9341, 22.2561),
(50.2888, 13.4364),
(50.288, 12.8723),
(50.2347, 20.4045),
(50.2797, 15.6087),
(50.253, 11.3021),
(50.4741, 12.462),
(50.1084, 18.259),
(49.9191, 3.71685),
(50.0837, 10.2359),
(50.3523, 12.4686),
(50.4976, 7.40963),
(50.0163, 16.2537),
(50.4682, 13.3567),
(69.5507, 9.03299),
(69.5187, 15.1805),
(69.5035, 16.8783),
(69.4995, 10.2078),
(69.5275, 9.9923),
(69.5191, 11.4227),
(69.5619, 15.9998),
(69.501, 5.95583),
(69.5246, 2.73476),
(30.4996, 26.0856),
(30.4874, 19.7795),
(89.5002, 31.9789),
(50.4103, 98.6284),
(50.3259, 94.9946),
(50.104, 95.0885);

-- --------------------------------------------------------

--
-- Structure de la table `wide_lines`
--

CREATE TABLE `wide_lines` (
  `x` float NOT NULL,
  `y` float NOT NULL
) ENGINE=InnoDB DEFAULT CHARSET=utf8mb4 COLLATE=utf8mb4_general_ci;

--
-- Déchargement des données de la table `wide_lines`
--

INSERT INTO `wide_lines` (`x`, `y`) VALUES
(65.8155, 95.5884),
(65.6723, 91.9334),
(39.0027, 92.2618),
(37.7953, 93.5325),
(35.5139, 89.5992),
(39.2195, 83.5435),
(31.5882, 77.0281),
(32.6578, 80.1139),
(31.6416, 77.6108),
(30.9871, 63.944),
(27.4396, 65.7445),
(30.5784, 65.5219),
(28.8094, 59.621),
(27.9395, 50.9851),
(33.8499, 46.2845),
(32.6285, 54.0637),
(32.4386, 49.903),
(35.8383, 53.3515),
(37.142, 49.742),
(34.6445, 54.4441),
(35.6754, 49.6256),
(64.9946, 49.4622),
(66.1292, 61.6437),
(65.7906, 55.9454),
(67.5018, 60.8502),
(67.6295, 61.4291),
(63.9101, 62.9723),
(66.5494, 67.7256),
(64.0515, 48.8201),
(68.1933, 46.5435),
(65.2784, 44.8204),
(34.9977, 28.633),
(33.9238, 53.5587),
(66.0045, 52.6847),
(37.0233, 32.1185),
(34.6983, 36.4754),
(34.8634, 30.9393),
(31.0901, 32.3838),
(34.9213, 35.4184),
(30.3434, 32.5246),
(35.4833, 44.4916),
(33.2349, 38.5025),
(35.4399, 47.7975),
(33.8735, 37.056),
(28.5641, 34.6264),
(31.3195, 31.664),
(30.7962, 23.519),
(34.2334, 22.4959),
(36.6308, 31.4768),
(34.5486, 26.1111),
(37.5196, 29.2676),
(62.4257, 34.0442),
(64.3204, 31.7856),
(65.4455, 43.2735),
(64.3256, 41.616),
(65.2643, 35.7175),
(66.3887, 38.8447),
(68.1914, 45.1695),
(68.5407, 48.4385),
(67.6614, 51.0686),
(68.6755, 50.4652),
(69.0817, 55.4741),
(69.0487, 66.366),
(67.3082, 71.5903),
(38.7149, 76.397),
(35.5481, 89.305),
(36.7107, 86.075),
(64.9127, 87.6458),
(66.0641, 89.2087),
(64.9359, 87.0721),
(67.0266, 76.2225),
(65.314, 77.9387),
(64.2952, 84.1259),
(38.798, 74.6106),
(34.6758, 79.6376),
(30.7193, 58.8121),
(34.1052, 64.1292),
(33.4234, 67.0957),
(66.3138, 98.931),
(65.3096, 98.1652),
(65.7141, 99.2838),
(67.5935, 90.9519),
(66.388, 89.2812),
(67.8062, 91.6882),
(70.9626, 86.5181),
(71.9936, 78.8209),
(72.4798, 80.8007),
(74.0784, 72.9515),
(72.0363, 69.716),
(72.9982, 59.6656),
(74.8121, 57.5899),
(73.0273, 46.2742),
(77.0671, 51.4869),
(75.0171, 46.6224),
(76.6653, 38.4403),
(77.9159, 45.9268),
(73.742, 39.121),
(75.3298, 32.8304),
(63.4104, 38.3777),
(68.8565, 43.0841),
(66.3378, 33.3065),
(64.2037, 26.6441),
(64.4986, 22.8635),
(68.891, 27.2962),
(72.3715, 21.9616),
(69.7654, 19.9999),
(68.6213, 18.9157),
(64.2977, 20.4287),
(66.6993, 18.5911),
(67.5445, 16.4479),
(63.947, 18.6928),
(64.3882, 15.7728),
(65.57, 23.7658),
(38.4028, 19.0469),
(37.8324, 14.4695),
(36.9042, 13.5838),
(36.2861, 17.1058),
(62.7866, 13.919),
(66.8177, 11.4125),
(66.755, 18.0853),
(65.4155, 10.4635),
(36.9463, 13.5144),
(37.8254, 9.60103),
(36.7228, 9.3333),
(67.0733, 6.04921),
(64.6018, 12.0019),
(65.4373, 15.5454),
(67.004, 15.3458),
(66.7242, 5.24981),
(68.3076, 13.2809),
(68.7681, 13.5215),
(74.1673, 5.34988),
(64.9004, 16.2453),
(68.7634, 8.70057),
(66.8169, 12.2733),
(67.3093, 0.217006),
(34.7318, 19.6018),
(33.6744, 26.0905),
(75.6273, 37.1288),
(40.6101, 89.1362),
(39.1144, 96.4818),
(34.5838, 89.5889);

-- --------------------------------------------------------

--
-- Structure de la table `x_shape`
--

CREATE TABLE `x_shape` (
  `x` float NOT NULL,
  `y` float NOT NULL
) ENGINE=InnoDB DEFAULT CHARSET=utf8mb4 COLLATE=utf8mb4_general_ci;

--
-- Déchargement des données de la table `x_shape`
--

INSERT INTO `x_shape` (`x`, `y`) VALUES
(38.3378, 92.4727),
(35.7519, 94.1168),
(32.7672, 88.5183),
(33.7296, 88.6223),
(37.2383, 83.7249),
(36.0272, 82.0408),
(39.2393, 79.2637),
(39.7845, 82.2606),
(35.166, 84.1565),
(40.6221, 78.5421),
(39.1819, 79.819),
(42.4309, 75.1336),
(43.0813, 75.3467),
(44.3607, 70.4742),
(44.3248, 71.0459),
(47.5522, 66.4604),
(48.6649, 64.961),
(46.2806, 68.0284),
(50.5632, 62.6238),
(52.631, 59.9639),
(54.6362, 57.4938),
(51.346, 61.6006),
(57.1349, 53.878),
(54.1712, 58.0598),
(50.9424, 62.0974),
(66.5129, 59.0713),
(64.3979, 56.1749),
(68.6866, 62.2373),
(65.0278, 57.0963),
(53.3045, 40.8838),
(52.9452, 40.3846),
(45.2257, 30.5552),
(50.8433, 37.7446),
(49.6593, 36.2734),
(47.1428, 32.0251),
(41.2701, 21.7218),
(47.1301, 31.3099),
(40.916, 23.5416),
(38.6602, 21.6896),
(42.6126, 24.1951),
(41.209, 24.1287),
(50.6492, 37.4838),
(52.1319, 39.3646),
(39.7973, 16.0835),
(43.5499, 24.3072),
(36.7147, 17.3818),
(37.2246, 17.9801),
(40.5124, 22.9622),
(40.2221, 20.6146),
(44.125, 23.3662),
(42.3463, 24.5583),
(44.1891, 28.7726),
(45.8142, 31.057),
(46.6431, 31.4072),
(52.1899, 39.3678),
(51.1003, 38.0957),
(65.4008, 42.614),
(64.852, 43.1337),
(63.4038, 44.8475),
(65.3716, 42.696),
(61.908, 53.1904),
(71.8267, 65.6862),
(72.6546, 66.8783),
(76.8886, 72.1655),
(43.7446, 71.268),
(39.0542, 83.119),
(39.9317, 79.9392),
(39.7628, 76.406),
(41.3234, 80.2119),
(41.7873, 83.9881),
(39.7556, 79.6571),
(40.7499, 77.2047),
(43.8569, 77.6098),
(42.3678, 73.6383),
(39.463, 78.46),
(44.5173, 70.3693),
(41.6361, 76.2492),
(45.4229, 69.0955),
(42.0029, 97.8376),
(76.1056, 95.305),
(79.2026, 92.4072),
(84.8482, 95.4248),
(81.5645, 83.7929),
(85.4462, 83.0783),
(80.3125, 76.5162),
(80.7662, 79.8961),
(82.6701, 81.7115),
(77.1636, 73.5237),
(74.0707, 68.4796),
(74.1142, 71.9264),
(68.9421, 62.6352),
(73.242, 67.3533),
(71.867, 34.3292),
(71.5692, 34.6992),
(71.4829, 34.6805),
(78.1285, 23.1392),
(78.7898, 25.5972),
(77.7815, 23.4472),
(48.5306, 34.1525),
(65.5308, 42.2811),
(70.118, 36.4482),
(70.4723, 36.0881),
(76.7911, 28.072),
(72.4094, 33.0393),
(76.2713, 25.5695),
(76.9533, 27.7706),
(75.1077, 30.017),
(75.9693, 29.0389),
(75.2839, 24.8748),
(77.0522, 27.9056),
(42.8268, 25.557),
(42.0807, 24.9465),
(39.8783, 18.3249),
(36.4755, 17.7189),
(37.1031, 15.4456),
(34.149, 13.5239),
(37.5794, 15.0159),
(41.0643, 12.2145),
(42.1953, 20.9194),
(36.6056, 15.7489),
(39.4312, 19.3238),
(37.5621, 11.9284),
(34.2381, 13.7132),
(34.1409, 4.57766),
(36.6593, 17.682),
(40.6437, 20.2409),
(36.7925, 13.3921),
(75.9483, 22.7448),
(76.8407, 20.9185),
(81.9505, 19.8746),
(81.6437, 16.5918),
(84.6102, 14.2478),
(84.1029, 8.98066),
(80.18, 19.0888),
(80.5733, 8.36564),
(79.0043, 10.6282),
(40.0482, 24.2615),
(34.7946, 13.9697),
(79.2218, 22.0946),
(36.0309, 93.1217),
(34.4996, 86.61),
(31.1069, 89.4616);

--
-- Index pour les tables déchargées
--

--
-- Index pour la table `matiere`
--
ALTER TABLE `matiere`
  ADD PRIMARY KEY (`id`);
COMMIT;

/*!40101 SET CHARACTER_SET_CLIENT=@OLD_CHARACTER_SET_CLIENT */;
/*!40101 SET CHARACTER_SET_RESULTS=@OLD_CHARACTER_SET_RESULTS */;
/*!40101 SET COLLATION_CONNECTION=@OLD_COLLATION_CONNECTION */;
